Country,Adult Mortality,infant deaths,Alcohol,percentage expenditure,Hepatitis B,Measles , BMI ,under-five deaths ,Polio,Total expenditure,Diphtheria , HIV/AIDS,Population,Income composition of resources,Schooling,Life expectancy 
Afghanistan,263,62,0.01,71.27962362,65,1154,19.1,83,6,8.16,65,0.1,33736494,0.479,10.1,65
Afghanistan,271,64,0.01,73.52358168,62,492,18.6,86,58,8.18,62,0.1,327582,0.476,10,59.9
Afghanistan,268,66,0.01,73.21924272,64,430,18.1,89,62,8.13,64,0.1,31731688,0.47,9.9,59.9
Afghanistan,272,69,0.01,78.1842153,67,2787,17.6,93,67,8.52,67,0.1,3696958,0.463,9.8,59.5
Afghanistan,275,71,0.01,7.097108703,68,3013,17.2,97,68,7.87,68,0.1,2978599,0.454,9.5,59.2
Afghanistan,279,74,0.01,79.67936736,66,1989,16.7,102,66,9.2,66,0.1,2883167,0.448,9.2,58.8
Afghanistan,281,77,0.01,56.76221682,63,2861,16.2,106,63,9.42,63,0.1,284331,0.434,8.9,58.6
Afghanistan,287,80,0.03,25.87392536,64,1599,15.7,110,64,8.33,64,0.1,2729431,0.433,8.7,58.1
Afghanistan,295,82,0.02,10.91015598,63,1141,15.2,113,63,6.73,63,0.1,26616792,0.415,8.4,57.5
Afghanistan,295,84,0.03,17.17151751,64,1990,14.7,116,58,7.43,58,0.1,2589345,0.405,8.1,57.3
Afghanistan,291,85,0.02,1.388647732,66,1296,14.2,118,58,8.7,58,0.1,257798,0.396,7.9,57.3
Afghanistan,293,87,0.02,15.29606643,67,466,13.8,120,5,8.79,5,0.1,24118979,0.381,6.8,57
Afghanistan,295,87,0.01,11.08905273,65,798,13.4,122,41,8.82,41,0.1,2364851,0.373,6.5,56.7
Afghanistan,3,88,0.01,16.88735091,64,2486,13,122,36,7.76,36,0.1,21979923,0.341,6.2,56.2
Afghanistan,316,88,0.01,10.5747282,63,8762,12.6,122,35,7.8,33,0.1,2966463,0.34,5.9,55.3
Afghanistan,321,88,0.01,10.42496,62,6532,12.2,122,24,8.2,24,0.1,293756,0.338,5.5,54.8
Albania,74,0,4.6,364.9752287,99,0,58,0,99,6,99,0.1,28873,0.762,14.2,77.8
Albania,8,0,4.51,428.7490668,98,0,57.2,1,98,5.88,98,0.1,288914,0.761,14.2,77.5
Albania,84,0,4.76,430.8769785,99,0,56.5,1,99,5.66,99,0.1,289592,0.759,14.2,77.2
Albania,86,0,5.14,412.4433563,99,9,55.8,1,99,5.59,99,0.1,2941,0.752,14.2,76.9
Albania,88,0,5.37,437.0621,99,28,55.1,1,99,5.71,99,0.1,295195,0.738,13.3,76.6
Albania,91,1,5.28,41.82275719,99,10,54.3,1,99,5.34,99,0.1,291321,0.725,12.5,76.2
Albania,91,1,5.79,348.0559517,98,0,53.5,1,98,5.79,98,0.1,2927519,0.721,12.2,76.1
Albania,1,1,5.61,36.62206845,99,0,52.6,1,99,5.87,99,0.1,2947314,0.713,12,75.3
Albania,9,1,5.58,32.24655228,98,22,51.7,1,99,6.1,98,0.1,29717,0.703,11.6,75.9
Albania,99,1,5.31,3.3021542,98,68,5.8,1,97,5.86,97,0.1,2992547,0.696,11.4,74.2
Albania,15,1,5.16,26.99312143,98,6,49.9,1,97,6.12,98,0.1,311487,0.685,10.8,73.5
Albania,17,1,4.54,221.8428,99,7,48.9,1,98,6.38,97,0.1,326939,0.681,10.9,73
Albania,18,1,4.29,14.71928882,97,8,47.9,1,97,6.27,97,0.1,339616,0.674,10.7,72.8
Albania,15,1,3.73,104.5169157,96,16,46.9,1,98,6.3,98,0.1,3511,0.67,10.7,73.3
Albania,14,1,4.25,96.20557078,96,18,46,1,97,6,97,0.1,36173,0.662,10.6,73.6
Albania,11,1,3.66,91.71154052,96,662,45,1,97,6.26,97,0.1,38927,0.656,10.7,72.6
Algeria,19,21,,0,95,63,59.5,24,95,,95,0.1,39871528,0.743,14.4,75.6
Algeria,11,21,0.01,54.2373183,95,0,58.4,24,95,7.21,95,0.1,39113313,0.741,14.4,75.4
Algeria,112,21,0.53,544.4507432,95,25,57.2,24,95,7.12,95,0.1,38338562,0.737,14.4,75.3
Algeria,113,21,0.66,555.9260834,95,18,56.1,24,95,6.14,95,0.1,37565847,0.732,14.4,75.1
Algeria,116,21,0.56,509.0020405,95,112,55,24,95,5.29,95,0.1,36819558,0.724,14,74.9
Algeria,119,21,0.45,430.7175861,95,103,53.9,24,95,5.12,95,0.1,36117637,0.714,13.6,74.7
Algeria,123,20,0.5,352.0636419,94,107,52.8,23,94,5.36,95,0.1,3546576,0.705,13.1,74.4
Algeria,126,20,0.46,43.08717334,91,217,51.8,23,92,4.2,93,0.1,3486715,0.697,12.6,74.1
Algeria,129,20,0.44,320.3239241,9,0,5.8,23,95,3.82,95,0.1,34376,0.69,12.3,73.8
Algeria,132,20,0.36,270.2401962,8,944,49.8,23,95,3.36,95,0.1,33777915,0.686,12.3,73.4
Algeria,136,19,0.5,2.548922758,83,2302,48.9,22,88,3.24,88,0.1,33288437,0.68,12,72.9
Algeria,14,19,0.45,220.393699,81,3289,47.9,23,86,3.54,86,0.1,3283196,0.673,11.7,72.3
Algeria,146,20,0.34,25.0185226,,15374,47,23,87,3.6,87,0.1,3243514,0.663,11.5,71.7
Algeria,145,20,0.36,148.5119843,,5862,46.1,23,86,3.73,86,0.1,3199546,0.653,11.1,71.6
Algeria,145,20,0.23,147.9860714,,2686,45.3,24,89,3.84,89,0.1,31592153,0.644,10.9,71.4
Algeria,145,21,0.25,154.4559436,,0,44.4,25,86,3.49,86,0.1,3118366,0.636,10.7,71.3
Angola,335,66,,0,64,118,23.3,98,7,,64,1.9,2785935,0.531,11.4,52.4
Angola,348,67,8.33,23.965612,64,11699,22.7,101,68,3.31,64,2,2692466,0.527,11.4,51.7
Angola,355,69,8.1,35.95857279,77,8523,22.1,105,67,4.26,77,2.3,2599834,0.523,11.4,51.1
Angola,358,72,8.24,256.1225243,75,4458,21.5,110,75,3.3,75,2.6,259615,0.508,10.3,56
Angola,361,75,8.06,239.8913921,72,1449,21,115,73,3.38,71,2.5,24218565,0.495,9.4,51
Angola,365,78,7.8,191.6537407,77,1190,2.4,121,81,3.39,77,2.5,23369131,0.488,9,49.6
Angola,369,81,7.01,212.9229325,61,2807,19.8,127,63,4.37,6,2.5,22549547,0.48,8.5,49.1
Angola,371,84,7.07,249.9101958,69,265,19.3,133,65,3.84,69,2.6,2175942,0.468,8.1,48.7
Angola,375,87,6.35,184.8213446,73,1014,18.8,138,75,3.38,73,2.6,2997687,0.454,7.7,48.2
Angola,381,90,5.84,25.08688824,,765,18.2,143,36,4.54,34,2.5,2262399,0.439,7.2,47.7
Angola,382,92,5.04,98.19145117,,258,17.7,148,39,4.1,38,2.6,19552542,0.426,6.8,47.4
Angola,386,94,3.53,8.8667775,,29,17.2,152,4,4.71,4,2.5,18865716,0.415,6.4,47.1
Angola,388,95,3.49,35.93349121,,1196,16.8,155,4,4.41,4,2.4,1823369,0.406,5.9,46.8
Angola,391,96,2.82,24.037942,,11945,16.3,157,37,3.63,41,2.3,17572649,0.401,5.5,46.5
Angola,44,97,2.58,30.35993647,,9046,15.8,159,41,5.38,38,2.1,16983266,0.391,5.1,45.7
Angola,48,97,1.85,15.88149254,,2219,15.4,160,3,2.79,28,2,1644924,0.382,4.6,45.3
Antigua and Barbuda,13,0,,0,99,0,47.7,0,86,,99,0.2,,0.784,13.9,76.4
Antigua and Barbuda,131,0,8.56,2422.999774,99,0,47,0,96,5.54,99,0.2,,0.782,13.9,76.2
Antigua and Barbuda,133,0,8.58,1991.430372,99,0,46.4,0,98,5.33,99,0.2,,0.781,13.9,76.1
Antigua and Barbuda,134,0,8.18,2156.229842,98,0,45.7,0,97,5.39,98,0.2,,0.778,13.8,75.9
Antigua and Barbuda,136,0,7.84,1810.875316,99,0,45.1,0,99,5.65,99,0.1,,0.782,14.1,75.7
Antigua and Barbuda,138,0,7.84,1983.956937,98,0,44.4,0,99,5.63,98,0.1,,0.783,14.1,75.6
Antigua and Barbuda,14,0,7.82,149.3587355,98,0,43.8,0,98,4.86,99,0.1,,0.788,14.2,75.4
Antigua and Barbuda,142,0,8.27,180.7762695,98,0,43.2,0,99,4.69,99,0.1,,0.786,14.4,75.2
Antigua and Barbuda,144,0,8.64,257.9665308,97,0,42.6,0,98,4.27,99,0.1,,0.781,14.5,75
Antigua and Barbuda,145,0,8.93,216.3146941,99,0,42,0,99,4.34,99,0.1,,0.773,14.7,74.8
Antigua and Barbuda,147,0,8.15,1455.608186,99,0,41.4,0,98,4.41,99,0.1,,0,0,74.6
Antigua and Barbuda,149,0,7.28,22.86295206,97,0,4.8,0,97,4.21,97,0.1,,0,0,74.4
Antigua and Barbuda,151,0,7.16,1158.065259,99,0,4.1,0,99,4.53,99,0.1,,0,0,74.2
Antigua and Barbuda,153,0,7.21,927.4075855,99,0,39.5,0,93,4.41,98,0.1,,0,0,74
Antigua and Barbuda,154,0,7.51,163.7676978,96,0,38.9,0,99,4.48,97,0.1,,0,0,73.8
Antigua and Barbuda,156,0,7.27,1127.74347,,0,38.2,0,96,4.13,95,0.1,,0,0,73.6
Argentina,116,8,,0,94,0,62.8,9,93,,94,0.1,43417765,0.826,17.3,76.3
Argentina,118,8,7.93,847.3717463,94,1,62.2,9,92,4.79,94,0.1,42981515,0.825,17.3,76.2
Argentina,119,8,8.28,1001.796332,94,0,61.6,10,99,4.99,94,0.1,42539925,0.823,17.3,76
Argentina,12,9,8.35,1133.558003,91,2,61,10,99,5.2,91,0.1,4296739,0.822,17.2,75.9
Argentina,12,9,8.11,1504.329462,91,3,6.4,10,93,5.89,91,0.1,41656879,0.816,17.1,75.7
Argentina,121,10,8.15,187.610955,94,17,59.8,11,95,6.55,94,0.1,41223889,0.802,16.8,75.5
Argentina,126,10,8.33,1398.042623,94,3,59.2,11,97,7.63,94,0.1,479947,0.794,16.5,75.6
Argentina,126,10,8.41,1413.73543,9,0,58.6,11,94,6.66,93,0.1,4382389,0.792,16.3,75.4
Argentina,129,10,8.16,1105.659031,85,0,58,12,92,6.49,91,0.1,3997224,0.788,16.3,74.8
Argentina,127,11,7.75,961.1774676,84,0,57.5,12,92,6.68,91,0.1,3955889,0.782,16.1,75.2
Argentina,127,11,7.53,96.16653429,88,0,56.9,12,95,6.85,98,0.1,39145488,0.78,16.3,74.9
Argentina,13,11,7.63,719.3663797,81,0,56.3,12,91,6.84,98,0.1,38728696,0.775,16.3,74.7
Argentina,137,11,7.62,57.58467352,73,0,55.7,13,95,8.22,96,0.1,3839379,0.77,16.4,74.1
Argentina,138,12,7.81,470.1869145,66,0,55.1,13,94,8.31,93,0.1,3788937,0.776,16.3,74.1
Argentina,138,12,7.76,123.0128671,,0,54.6,13,85,9.38,83,0.1,3747159,0.771,15.6,74
Argentina,137,12,7.68,1349.025282,,6,54,14,88,9.21,83,0.1,3757452,0.764,15,74.1
Armenia,118,1,,0,94,33,54.9,1,96,,94,0.1,291695,0.741,12.7,74.8
Armenia,12,1,3.91,295.6087143,93,13,54.1,1,95,4.48,93,0.1,29622,0.739,12.7,74.6
Armenia,123,1,3.79,279.4290812,95,10,53.3,1,96,4.55,95,0.1,289359,0.736,12.7,74.4
Armenia,121,1,3.89,274.1526986,95,0,52.6,1,96,4.48,95,0.1,2881922,0.732,12.7,74.4
Armenia,128,1,4.09,260.9963826,95,0,51.9,1,96,3.71,95,0.1,2875581,0.729,12.7,73.9
Armenia,132,1,4.23,224.3212014,94,2,51.2,1,96,4.56,94,0.1,2877311,0.72,12.3,73.5
Armenia,137,1,3.96,201.1855461,93,0,5.7,1,94,4.55,93,0.1,2888584,0.725,11.9,73.3
Armenia,14,1,3.96,2.8888979,89,0,5.1,1,91,3.8,89,0.1,29822,0.721,12.3,73.2
Armenia,132,1,3.99,44.57219966,85,1,49.7,1,9,4.31,88,0.1,293356,0.707,11.7,73.5
Armenia,141,1,4.01,244.5352767,78,137,49.2,1,87,4.58,87,0.1,29585,0.692,11.2,72.9
Armenia,137,1,4.25,20.21822828,91,2281,48.8,1,92,5.25,9,0.1,2981259,0.679,10.9,73
Armenia,132,1,3.81,97.74087744,91,1783,48.4,1,93,5.5,91,0.1,3612,0.668,10.9,73
Armenia,134,1,3.03,7.341493148,93,4,48.1,1,96,5.56,94,0.1,31786,0.657,10.8,72.7
Armenia,134,1,2.86,57.17810403,91,40,47.8,1,96,5.4,94,0.1,333897,0.645,10.8,72.6
Armenia,141,1,2.86,53.19373012,69,69,47.4,1,97,5.94,94,0.1,35655,0.644,11.1,72.6
Armenia,142,1,2.9,32.75626853,55,15,47.1,1,96,6.25,93,0.1,369588,0.639,11.2,72
Australia,59,1,,0,93,74,66.6,1,93,,93,0.1,23789338,0.937,20.4,82.8
Australia,6,1,9.71,10769.36305,91,340,66.1,1,92,9.42,92,0.1,2346694,0.936,20.4,82.7
Australia,61,1,9.87,11734.85381,91,158,65.5,1,91,9.36,91,0.1,23117353,0.933,20.3,82.5
Australia,61,1,10.03,11714.99858,91,199,65,1,92,9.36,92,0.1,22728254,0.93,20.1,82.3
Australia,63,1,10.3,10986.26527,92,190,64.4,1,92,9.2,92,0.1,223424,0.927,19.8,82
Australia,64,1,10.52,8875.786493,92,70,63.9,1,92,9.2,92,0.1,223175,0.927,19.5,81.9
Australia,66,1,10.62,7172.275229,94,104,63.4,1,92,9.5,92,0.1,216917,0.925,19.1,81.7
Australia,66,1,10.76,8547.292357,94,65,62.9,1,92,8.78,92,0.1,212492,0.921,19.1,81.3
Australia,66,1,10.56,872.5986092,94,11,62.5,2,92,8.53,92,0.1,28276,0.918,19,81.3
Australia,66,1,10.31,6187.062017,95,0,62,2,92,8.49,92,0.1,26979,0.915,20.3,81.2
Australia,67,1,10.3,579.1331637,95,10,61.5,2,92,8.45,92,0.1,23948,0.91,20.3,81
Australia,69,1,9.84,588.568371,95,70,6.9,1,92,8.57,92,0.1,21274,0.908,20.7,86
Australia,71,1,9.97,3829.550928,95,91,6.3,1,92,8.32,93,0.1,198954,0.905,20.6,83
Australia,73,1,9.84,46.3871819,95,32,59.6,2,92,8.39,92,0.1,196514,0.902,20.1,79.9
Australia,75,1,9.53,3064.301144,94,141,59,2,91,8.18,92,0.1,19413,0.899,20.5,79.9
Australia,78,1,10.17,347.18736,,108,58.2,2,9,8.8,9,0.1,19153,0.897,20.4,79.5
Austria,65,0,,0,93,309,57.6,0,93,,93,0.1,8633169,0.892,15.9,81.5
Austria,66,0,12.32,8350.193523,98,117,57.1,0,98,11.21,98,0.1,8541575,0.892,15.9,81.4
Austria,68,0,11.82,90.58501176,95,0,56.6,0,95,11.14,95,0.1,8479375,0.887,15.7,81.1
Austria,7,0,12.26,7878.372355,92,36,56.1,0,92,11.17,92,0.1,8429991,0.884,15.7,88
Austria,73,0,12.04,8272.306757,89,68,55.7,0,89,1.94,89,0.1,8391643,0.88,15.7,88
Austria,75,0,12.1,7423.228774,86,52,55.2,0,86,11.17,86,0.1,836344,0.872,15.4,84
Austria,77,0,11.3,8053.557638,83,49,54.7,0,83,11.19,83,0.1,8343323,0.87,15.3,82
Austria,76,0,12,8329.731655,83,448,54.2,0,83,1.6,83,0.1,8321496,0.864,15.1,84
Austria,8,0,12.5,7453.8644,85,20,53.7,0,85,1.4,85,0.1,8295487,0.86,15.2,81
Austria,81,0,12.4,69.92899358,83,23,53.2,0,83,1.35,83,0.1,8268641,0.854,15,79.8
Austria,85,0,12.4,5992.588029,86,9,52.7,0,86,1.53,86,0.1,8227829,0.848,14.9,79.4
Austria,86,0,12.1,5316.877456,83,15,52.2,0,83,1.56,83,0.1,8171966,0.841,14.7,79.3
Austria,88,0,12.2,504.4308735,83,90,51.7,0,84,1.48,84,0.1,8121423,0.837,14.7,78.8
Austria,9,0,12.5,3979.057728,81,0,51.2,0,82,1.27,83,0.1,881957,0.847,16.1,78.7
Austria,92,0,12.4,3582.848308,44,0,5.6,0,83,1.12,84,0.1,842293,0.837,15.5,78.6
Austria,96,0,13.2,3557.455507,33,0,5.1,0,71,1.6,81,0.1,811566,0.833,15.4,78.1
Azerbaijan,118,5,,0,96,0,52.5,6,98,,96,0.1,9649341,0.758,12.7,72.7
Azerbaijan,119,5,0.01,306.1824313,94,0,51.5,6,97,6.4,94,0.1,953579,0.752,12.2,72.5
Azerbaijan,121,5,2.14,275.6514934,93,164,5.6,6,96,5.54,93,0.1,941681,0.745,11.9,72.2
Azerbaijan,123,5,0.01,285.6103912,88,0,49.7,6,92,5.37,89,0.1,9295784,0.742,11.8,71.9
Azerbaijan,125,5,1.98,263.142699,84,0,48.8,6,91,5.1,87,0.1,917382,0.741,11.7,71.6
Azerbaijan,13,5,1.98,246.5686008,8,0,48,6,85,5.33,81,0.1,954332,0.737,11.7,71.1
Azerbaijan,132,6,2.1,22.48638351,74,0,47.3,6,84,5.85,81,0.1,8947243,0.728,11.6,78
Azerbaijan,141,6,1.18,206.2616134,68,5,46.6,6,85,4.37,81,0.1,87634,0.719,11.6,73
Azerbaijan,14,6,1.02,176.0107106,62,0,45.9,7,81,5.1,79,0.1,85813,0.708,11.6,73
Azerbaijan,154,6,0.85,105.6337264,52,222,45.3,7,8,6.17,78,0.1,848455,0.682,10.7,69.2
Azerbaijan,162,6,0.73,81.28883085,49,1238,44.7,7,79,7.86,75,0.1,839185,0.675,11.2,68.4
Azerbaijan,154,6,0.62,8.59680496,5,827,44.2,8,78,7.92,77,0.1,8365,0.668,11,68.4
Azerbaijan,154,7,0.55,42.41491183,51,1978,43.6,8,79,6.56,77,0.1,82341,0.659,10.8,67.8
Azerbaijan,146,7,0.55,39.33253687,5,4353,43.1,9,8,4.47,76,0.1,817195,0.651,10.6,67.8
Azerbaijan,151,8,0.51,4.104190077,,574,42.6,10,77,4.48,77,0.1,81112,0.642,10.4,67.5
Azerbaijan,16,9,0.65,35.09462644,,210,42.1,11,75,4.67,76,0.1,8486,0.636,10.1,66.6
Bahamas,147,0,,0,95,0,64.5,0,95,,95,0.1,,0.79,12.6,76.1
Bahamas,16,0,9.45,0,96,0,63.8,0,96,7.74,96,0.1,,0.789,12.6,75.4
Bahamas,172,0,9.42,0,97,0,63.2,0,97,7.5,97,0.1,,0.79,12.6,74.8
Bahamas,167,0,9.5,0,96,0,62.6,0,99,7.43,98,0.2,,0.789,12.6,74.9
Bahamas,162,0,9.34,0,95,0,62,0,97,7.63,98,0.1,,0.788,12.6,75
Bahamas,161,0,9.19,0,98,0,61.3,0,97,7.44,99,0.2,,0.788,12.6,75
Bahamas,168,0,9.29,0,95,0,6.7,0,97,7.43,96,0.1,,0.791,12.6,74.6
Bahamas,167,0,10.15,0,9,0,6.1,0,93,7.3,93,0.1,,0.791,12.6,74.5
Bahamas,167,0,10.75,0,93,0,59.4,0,95,7.8,95,0.1,,0.79,12.5,74.4
Bahamas,171,0,11.07,0,96,0,58.7,0,94,6.93,95,0.1,,0.788,12.4,74.2
Bahamas,172,0,10.49,0,93,0,58.1,0,93,5.95,93,0.1,,0.786,12.4,74.1
Bahamas,174,0,10.1,0,93,0,57.4,0,92,6.2,93,0.1,,0.784,12.3,73.8
Bahamas,189,0,10.68,0,88,0,56.7,0,93,5.62,92,0.1,,0.783,12.2,73.2
Bahamas,19,0,10.85,0,89,0,56,0,93,5.26,94,0.1,,0.781,12.1,73.1
Bahamas,189,0,11.64,0,21,0,55.2,0,98,5.15,99,0.2,,0.779,12.1,72.9
Bahamas,192,0,12.15,0,,0,54.4,0,91,5.21,99,0.1,,0,12,72.6
Bahrain,69,0,,0,98,0,63.6,0,98,,98,0.1,,0.823,14.5,76.9
Bahrain,7,0,1.57,367.2556742,98,46,62.9,0,98,4.98,98,0.1,,0.82,14.5,76.8
Bahrain,7,0,1.65,3.968695982,99,0,62.2,0,99,4.69,99,0.1,,0.815,14.5,76.7
Bahrain,71,0,1.7,2211.215778,99,0,61.5,0,99,4.37,99,0.1,,0.812,14.5,76.5
Bahrain,76,0,1.66,197.7734681,99,0,6.8,0,99,3.4,99,0.1,,0.812,14.4,76.1
Bahrain,73,0,1.93,266.7696122,99,0,6.1,0,99,3.64,99,0.1,,0.81,14.4,76.1
Bahrain,74,0,1.95,332.9347646,98,3,59.3,0,97,3.79,98,0.1,,0.814,14.4,76
Bahrain,76,0,2,231.5478912,97,2,58.5,0,97,3.17,97,0.1,,0.815,14.4,75.8
Bahrain,77,0,2,278.3602806,97,7,57.6,0,97,3.8,97,0.1,,0.813,14.4,75.6
Bahrain,79,0,2.1,170.7374027,98,3,56.8,0,98,3.8,98,0.1,,0.81,14.2,75.5
Bahrain,81,0,2.05,1553.468944,98,4,56.1,0,98,3.16,98,0.1,,0.806,14,75.3
Bahrain,83,0,2.16,1380.228095,98,11,55.6,0,98,3.37,98,0.1,,0.803,13.9,75.2
Bahrain,85,0,2.16,1214.558167,98,12,55.2,0,97,3.74,97,0.1,,0.798,13.7,75
Bahrain,87,0,1.99,106.4303336,98,8,55,0,98,3.89,98,0.1,,0.796,13.5,74.9
Bahrain,9,0,1.95,1150.418063,99,5,54.8,0,99,3.8,99,0.1,,0.794,13.3,74.7
Bahrain,92,0,2.15,167.7270642,97,6,54.5,0,97,3.51,97,0.1,,0.786,13.2,74.5
Bangladesh,129,92,,0,97,240,18.3,113,97,,97,0.1,1612886,0.575,10.2,71.8
Bangladesh,132,98,0.01,10.44640334,97,289,17.7,121,97,2.82,97,0.1,15945279,0.57,10,71.4
Bangladesh,135,104,0.01,52.82986467,96,237,17,130,96,2.88,96,0.1,157571292,0.565,10,71
Bangladesh,137,111,0.01,59.2589257,94,1986,16.4,139,94,3.8,94,0.1,15572753,0.557,9.9,77
Bangladesh,14,118,0.01,62.34988484,96,5625,15.8,150,96,3.16,96,0.1,153911916,0.545,9.4,73
Bangladesh,142,126,0.01,62.65945432,94,788,15.2,161,94,3.6,94,0.1,15214912,0.535,8.9,69.9
Bangladesh,144,135,0.01,53.26400378,97,718,14.6,173,97,2.91,97,0.1,1545478,0.523,8.4,69.5
Bangladesh,147,144,0.01,42.48865034,96,2660,14,186,96,2.85,96,0.1,14885814,0.52,8.6,69.1
Bangladesh,151,154,0.01,46.36536703,95,2924,13.5,201,96,2.8,94,0.1,147139191,0.513,8.6,68.6
Bangladesh,152,164,0.01,42.3304549,86,6192,13,215,95,2.8,94,0.1,1453684,0.506,8.4,68.2
Bangladesh,155,174,0.01,38.05462002,45,25934,12.5,231,94,2.68,93,0.1,14343111,0.499,8.2,67.8
Bangladesh,158,185,0.01,4.11469667,11,9743,12,247,88,2.62,99,0.1,14137489,0.491,8.1,67.3
Bangladesh,161,196,0.01,35.48458957,5,4067,11.6,264,9,2.51,87,0.1,139191,0.484,7.9,66.8
Bangladesh,164,207,0.01,0.397228764,,3484,11.2,280,83,2.59,83,0.1,1366667,0.476,7.7,66.3
Bangladesh,168,219,0.01,3.395069781,,4414,1.8,298,85,2.47,85,0.1,1341716,0.468,7.5,65.8
Bangladesh,173,231,0.01,3.69633051,,5098,1.4,316,83,2.33,82,0.1,131581243,0.459,7.3,65.3
Barbados,98,0,,0,97,0,54.5,0,97,,97,0.1,,0.794,15.3,75.5
Barbados,1,0,8.82,294.9056584,94,0,53.7,0,95,7.47,94,0.1,,0.793,15.3,75.4
Barbados,11,0,8.74,263.0372838,91,0,53,0,91,7.57,91,0.1,,0.792,15.3,75.2
Barbados,12,0,8.61,260.0043858,87,0,52.2,0,88,7.43,87,0.1,,0.785,15.3,75.1
Barbados,14,0,8.51,173.9825629,91,0,51.4,0,91,6.67,91,0.1,,0.78,15.5,74.9
Barbados,16,0,8.41,154.9630863,86,0,5.7,0,9,6.17,86,0.1,,0.781,15.8,74.7
Barbados,19,0,8.46,327.1618128,93,0,49.9,0,93,6.21,93,0.1,,0.779,15.5,74.6
Barbados,111,0,8.95,25.52277112,85,0,49.2,0,85,6.1,85,0.1,,0.775,15.3,74.4
Barbados,113,0,8.47,1641.30981,93,0,48.4,0,93,5.64,93,0.1,,0.771,15,74.2
Barbados,115,0,8.39,181.5000856,84,0,47.7,0,85,5.27,84,0.1,,0.766,14.8,74.1
Barbados,117,0,8.01,1311.440423,92,0,46.9,0,91,5.38,92,0.1,,0.761,14.6,73.9
Barbados,119,0,7.68,166.0083443,93,0,46.2,0,93,5.71,93,0.2,,0.757,14.4,73.8
Barbados,121,0,7.65,13.5139917,91,0,45.4,0,9,5.82,89,0.4,,0.753,14.2,73.7
Barbados,123,0,7.59,133.099491,66,0,44.6,0,86,5.76,87,0.8,,0.749,14,73.5
Barbados,125,0,7.38,138.1664627,18,0,43.8,0,93,5.47,84,0.7,,0.75,14,73.4
Barbados,127,0,7.43,1140.615754,,0,43,0,86,5.16,93,0.9,,0.741,14,73.3
Belarus,196,0,,0,99,2,62.3,0,99,,99,0.1,9489616,0.798,15.6,72.3
Belarus,199,0,13.94,1147.1114,97,64,61.7,0,97,5.69,97,0.1,9474511,0.796,15.7,72
Belarus,23,0,14.66,1109.854619,98,16,61.1,1,98,6.7,98,0.1,9465997,0.796,15.7,71.7
Belarus,194,0,16.35,91.70962117,97,10,6.5,1,98,5.1,98,0.1,9464495,0.793,15.6,71.9
Belarus,232,0,17.31,846.9113071,98,50,59.9,1,98,4.92,98,0.1,9473172,0.787,15.5,72
Belarus,222,0,14.44,8.49409518,96,1,59.3,1,99,5.55,98,0.1,949583,0.78,15.5,73
Belarus,226,0,14.09,434.7985025,98,0,58.7,1,98,6.9,96,0.1,956765,0.771,15.4,70
Belarus,224,1,14.67,501.8056141,98,0,58.2,1,98,5.95,97,0.1,9527985,0.755,15.1,70
Belarus,226,1,14.22,464.077513,91,1,57.7,1,9,6.44,95,0.1,956953,0.739,14.9,69.8
Belarus,243,1,12.6,364.426052,98,149,57.2,1,97,6.34,99,0.1,964924,0.723,14.6,68.9
Belarus,252,1,11.01,45.65007798,99,1,56.7,1,98,6.89,99,0.1,9663915,0.713,14.4,68.1
Belarus,247,1,12.05,42.33443901,99,2,56.2,1,99,6.59,99,0.1,973146,0.703,14.1,68.2
Belarus,253,1,11.17,23.83578594,56,21,55.8,1,53,6.59,5,0.1,9796749,0.695,13.9,67.7
Belarus,262,1,12.23,145.4233629,99,14,55.3,1,99,6.47,99,0.1,9865548,0.687,13.6,67.2
Belarus,254,1,10.74,14.06141699,93,45,54.9,1,99,6.62,99,0.1,9928549,0.681,13.3,67.7
Belarus,247,1,12.98,24.24947846,7,21,54.4,1,99,6.13,99,0.1,997961,0.675,13.1,68
Belgium,74,0,,0,98,47,63.7,1,99,,99,0.1,11274196,0.895,16.6,81.1
Belgium,76,0,12.6,7163.348923,98,70,63.4,1,99,1.59,99,0.1,112957,0.89,16.3,89
Belgium,77,0,11.77,702.359357,98,39,63,1,99,1.57,99,0.1,11182817,0.889,16.3,87
Belgium,78,0,10.08,664.4738975,98,109,62.6,1,99,1.54,99,0.1,11128246,0.886,16.2,83
Belgium,8,0,10.11,713.5297354,97,576,62.3,1,98,1.42,98,0.1,1147744,0.884,16.1,83
Belgium,81,0,10.22,665.7356115,97,40,61.9,1,98,1.17,98,0.1,1895586,0.878,15.9,80
Belgium,85,0,10.05,671.9376566,97,33,61.6,1,98,1.39,98,0.1,1796493,0.876,15.8,79.8
Belgium,87,0,10.47,7191.051507,98,98,61.3,1,99,9.6,99,0.1,179973,0.874,15.8,79.5
Belgium,86,0,10.25,640.3560918,94,64,6.9,1,99,9.25,98,0.1,16257,0.871,15.8,79.5
Belgium,85,0,10.98,5579.199083,94,15,6.6,1,99,9.17,98,0.1,1547958,0.865,15.7,79.4
Belgium,89,0,12.27,5068.214488,77,26,6.2,1,97,9.24,97,0.1,1478617,0.861,15.7,78.9
Belgium,91,1,12.05,5160.508378,64,61,59.8,1,96,9.32,95,0.1,1421137,0.88,18.8,78.8
Belgium,95,0,11.28,507.306164,64,44,59.4,1,96,9.3,95,0.1,1376133,0.878,18.6,78.3
Belgium,99,1,11.29,320.3177664,6,0,59,1,96,8.46,95,0.1,1332785,0.875,18.8,78
Belgium,1,1,11.01,2943.375396,6,83,58.5,1,96,8.29,95,0.1,128657,0.873,18.2,78
Belgium,11,1,11.21,287.2084529,6,0,58.1,1,96,8.12,95,0.1,125125,0.869,18,77.6
Belize,175,0,,0,94,0,5.9,0,94,,94,0.2,359288,0.706,12.8,71
Belize,177,0,6.58,670.0920883,95,0,5.1,0,95,5.79,95,0.2,351694,0.705,12.8,70
Belize,18,0,6.56,629.2018591,95,0,49.3,0,95,5.79,95,0.2,344181,0.706,12.9,69.8
Belize,189,0,6.66,582.8027185,98,0,48.5,0,98,5.45,98,0.1,33671,0.702,12.5,69.4
Belize,188,0,6.64,605.6286892,95,0,47.8,0,95,5.61,95,0.5,329192,0.7,12.4,69.4
Belize,186,0,6.76,569.9527122,96,0,47,0,96,5.85,96,0.2,32168,0.7,12.4,69.5
Belize,184,0,6.85,549.8096097,97,0,46.3,0,98,5.81,97,0.3,313929,0.7,12.7,69.5
Belize,181,0,7.22,51.25232422,94,0,45.7,0,94,5.9,94,0.1,36165,0.699,12.8,69.6
Belize,181,0,7.24,69.63051047,96,0,45,0,97,4.76,96,0.6,29847,0.7,12.8,69.6
Belize,184,0,6.48,387.3324928,98,0,44.4,0,98,4.4,98,0.6,29747,0.692,12.3,69.4
Belize,191,0,6.25,365.799896,96,0,43.8,0,96,4.45,96,0.8,283277,0.695,12.8,69
Belize,197,0,6.2,325.6807462,97,0,43.2,0,97,4.39,97,0.8,27689,0.691,12.5,68.7
Belize,21,0,5.67,312.7995946,96,0,42.6,0,95,4.53,96,1.5,26913,0.684,12.2,68.4
Belize,199,0,4.99,262.8299189,97,0,42,0,93,4.38,89,0.1,26226,0.678,11.9,68.5
Belize,21,0,4.9,251.6586929,96,0,41.4,0,96,4.5,96,0.4,254984,0.677,11.8,68.2
Belize,196,0,4.79,219.0239836,76,0,4.8,0,91,3.98,91,0.3,247315,0.668,11.7,68.3
Benin,249,25,,0,82,55,25.7,39,78,,82,1,1575952,0.481,10.7,60
Benin,252,25,0.01,90.12206791,78,786,25.2,39,74,4.59,78,1.1,1286712,0.475,10.7,59.7
Benin,251,25,0.01,87.4080423,77,637,24.6,39,73,4.59,77,1.2,14451,0.466,10.3,59.5
Benin,251,25,0.01,9.80407467,8,288,24.1,39,8,4.86,8,1.3,972916,0.458,10,59.3
Benin,251,25,1.4,110.2633619,75,426,23.5,39,77,5.37,75,1.4,94682,0.454,9.8,59.1
Benin,254,25,1.33,94.25737917,76,392,23,39,77,4.95,76,1.4,9199259,0.451,9.5,58.7
Benin,259,25,1.16,71.01399249,79,1461,22.5,39,8,4.46,79,1.6,894476,0.448,9.3,58.4
Benin,278,25,1.28,7.615430126,75,928,22,39,77,4.2,75,1.8,8696916,0.444,9.1,57.6
Benin,283,25,1.12,7.49281752,82,341,21.5,39,82,4.55,82,2,8454791,0.438,8.9,57.1
Benin,284,25,1.19,75.91429496,74,176,21,39,76,4.75,74,2,8216896,0.434,8.7,56.8
Benin,285,25,1.13,7.106997355,7,210,2.5,39,73,4.73,7,2.1,7982225,0.43,8.5,56.5
Benin,285,25,1.15,10.73628066,75,262,2.1,39,74,4.56,72,2.1,7754,0.423,8.1,56.1
Benin,285,25,1.35,8.931827297,73,217,19.7,40,75,4.63,73,2.1,752555,0.416,7.7,55.8
Benin,283,25,1.23,40.48815233,15,1588,19.2,40,76,4.27,75,2.1,7295394,0.407,7.3,55.6
Benin,281,25,1.29,45.33476384,,5859,18.8,40,77,4.69,76,2.1,776733,0.395,6.6,55.5
Benin,279,25,1.34,37.38182018,,4244,18.4,40,78,4.34,78,2,6865951,0.389,6.4,55.4
Bhutan,211,0,,0,99,11,24.5,0,98,,99,0.5,787386,0.604,12.5,69.8
Bhutan,216,0,0.01,209.3921344,99,0,23.6,1,98,3.57,99,0.5,776448,0.596,12.5,69.4
Bhutan,219,0,0.01,19.79057439,97,0,22.7,1,97,3.83,97,0.6,764961,0.589,12.6,69.1
Bhutan,223,0,0.01,188.7373664,97,1,21.9,1,97,3.7,97,0.6,752967,0.581,12.3,68.7
Bhutan,225,0,0.23,289.8524057,95,10,21.1,1,95,4.73,95,0.5,7451,0.572,11.9,68.3
Bhutan,228,1,0.28,244.0391949,91,21,2.3,1,92,5.17,91,0.5,727641,0,11.4,67.9
Bhutan,232,1,0.17,27.48907048,93,6,19.5,1,93,6.3,93,0.4,714458,0,10.9,67.4
Bhutan,234,1,0.21,302.667579,96,7,18.8,1,96,6.58,96,0.4,795,0,10.5,67
Bhutan,238,1,0.16,283.806236,95,11,18,1,93,5.88,95,0.3,686958,0,10.1,66.5
Bhutan,245,1,0.29,169.2023968,95,2,17.4,1,96,5.27,95,0.3,672228,0,9.6,65.8
Bhutan,254,1,0.73,145.5965445,95,11,16.7,1,95,5.28,95,0.3,656639,0,9.2,65
Bhutan,263,1,0.96,2.586698228,89,3,16.1,1,9,4.41,89,0.3,64282,0,8.8,64.2
Bhutan,273,1,0.52,19.15664091,95,0,15.5,1,96,4.9,95,0.2,623434,0,8.4,63.3
Bhutan,282,1,0.29,151.9755193,83,27,14.9,1,89,7.75,86,0.1,66399,0,8,62.5
Bhutan,29,1,0.14,8.574029812,89,756,14.4,1,88,5.91,88,0.1,5896,0,7.6,61.7
Bhutan,312,1,0.17,93.35872844,98,418,13.9,1,98,6.91,92,0.1,573416,0,7.3,62
Bolivia (Plurinational State of),186,8,,0,99,0,52.6,10,99,,99,0.1,,0.671,13.8,77
Bolivia (Plurinational State of),189,8,3.62,0,98,0,51.9,10,99,6.33,98,0.1,,0.666,13.8,74
Bolivia (Plurinational State of),192,8,3.78,0,94,0,51.2,10,95,5.96,94,0.1,,0.661,13.8,71
Bolivia (Plurinational State of),194,8,3.89,0,93,0,5.6,11,93,5.56,93,0.1,,0.655,13.8,69.8
Bolivia (Plurinational State of),198,9,3.93,0,95,0,49.9,11,95,5.49,95,0.2,,0.649,13.8,69.3
Bolivia (Plurinational State of),22,9,3.95,0,91,0,49.3,12,9,5.44,91,0.2,,0.643,13.8,68.7
Bolivia (Plurinational State of),27,10,3.87,0,93,0,48.6,12,92,5.76,93,0.2,,0.636,13.8,68
Bolivia (Plurinational State of),211,10,3.77,0,88,0,48,13,87,5,88,0.2,,0.632,14,67.4
Bolivia (Plurinational State of),216,11,3.47,0,84,0,47.3,14,85,4.96,84,0.2,,0.626,14.1,66.8
Bolivia (Plurinational State of),219,11,3.23,0,83,0,46.7,15,82,5.19,83,0.2,,0.625,14.3,66.2
Bolivia (Plurinational State of),222,12,2.86,0,85,0,46,16,84,5.67,85,0.2,,0.622,14.4,65.7
Bolivia (Plurinational State of),226,12,2.66,0,84,0,45.4,16,84,5.22,84,0.2,,0.62,14.6,65.1
Bolivia (Plurinational State of),23,13,2.37,0,8,0,44.7,17,82,5.3,88,0.2,,0.617,14.4,64.5
Bolivia (Plurinational State of),234,14,2.26,0,77,0,44,18,76,6.53,77,0.1,,0.61,14,63.9
Bolivia (Plurinational State of),238,14,2.2,0,77,0,43.3,19,71,6.31,71,0.1,,0.607,13.7,63.3
Bolivia (Plurinational State of),243,15,2.32,0,77,122,42.6,20,74,5.67,75,0.1,,0.6,13.3,62.6
Bosnia and Herzegovina,88,0,,0,82,1677,55.8,0,74,,82,0.1,3535961,0.747,14.2,77.4
Bosnia and Herzegovina,89,0,4.03,732.8662491,89,3000,55.3,0,86,9.57,86,0.1,35662,0.742,14.2,77.2
Bosnia and Herzegovina,9,0,4.12,75.61062911,91,0,54.7,0,87,9.46,89,0.1,364999,0.735,14.2,77
Bosnia and Herzegovina,92,0,4.61,693.8226461,92,22,54.2,0,87,9.94,92,0.1,36482,0.728,13.9,76.8
Bosnia and Herzegovina,92,0,4.64,7.959131146,88,10,53.7,0,89,9.71,88,0.1,3688865,0.711,13.4,76.9
Bosnia and Herzegovina,94,0,4.54,630.3883564,89,45,53.1,0,9,9.58,89,0.1,372284,0.717,13.3,76.4
Bosnia and Herzegovina,97,0,4.75,645.021302,9,22,52.6,0,9,9.64,9,0.1,3746561,0.716,13.3,76.1
Bosnia and Herzegovina,98,0,5.13,66.04635027,88,8,52.1,0,92,8.58,91,0.1,3763599,0.71,13.1,76
Bosnia and Herzegovina,16,0,5.16,8.240355867,94,166,51.5,0,95,8.37,95,0.1,3774,0.703,12.9,75.4
Bosnia and Herzegovina,1,0,4.82,38.25414065,9,17,51,0,91,8.28,87,0.1,3779468,0.697,12.7,75.7
Bosnia and Herzegovina,12,0,4.56,45.71354264,93,23,5.5,0,95,8.5,93,0.1,378153,0,12.5,75
Bosnia and Herzegovina,99,0,4.25,3.479918859,36,28,49.9,0,87,9.4,84,0.1,3781287,0,12.3,75.5
Bosnia and Herzegovina,12,0,4.14,39.86518043,,18,49.4,0,87,7.94,87,0.1,3779247,0,12.1,75.2
Bosnia and Herzegovina,11,0,3.84,151.1399301,,28,48.8,0,86,7.1,8,0.1,377587,0,11.9,75.4
Bosnia and Herzegovina,113,0,3.85,143.2947487,,0,48.2,0,92,7.16,91,0.1,3771284,0,11.6,74.9
Bosnia and Herzegovina,116,0,3.64,165.6168642,,43,47.6,0,87,7.9,85,0.1,376676,0,0,74.6
Botswana,256,2,,0,95,0,37.9,2,96,,95,2.2,229197,0.698,12.6,65.7
Botswana,268,2,0.01,662.802194,95,1,37.3,2,96,5.41,95,2.3,2168573,0.697,12.6,65.1
Botswana,286,2,0.01,1.117811275,95,1,36.8,2,96,5.84,95,2.8,212857,0.693,12.6,64.2
Botswana,3,2,0.01,12.83447357,95,7,36.2,3,96,6.27,95,4.4,289315,0.687,12.5,63.4
Botswana,325,2,5.76,668.9562854,95,8,35.7,3,96,5.25,95,5.5,251339,0.678,12.4,62.2
Botswana,349,2,5.99,547.0386679,95,853,35.2,3,96,5.64,95,6.2,214866,0.669,12.3,61.1
Botswana,393,2,5.01,426.7855662,94,184,34.7,3,96,6.39,96,9,1979882,0.661,12.2,59.2
Botswana,427,2,6.56,476.8625872,94,0,34.2,3,96,5.55,96,12.7,1946351,0.646,12.1,57.5
Botswana,436,2,6.21,512.5887995,93,1,33.7,3,96,4.71,96,13.4,1914414,0.63,12.1,56.9
Botswana,491,2,6.45,76.31867911,93,6,33.2,3,96,4.93,96,14.4,1884238,0.61,11.9,54.8
Botswana,566,2,6.37,629.8425643,92,5,32.7,3,96,5.62,96,20.6,1855852,0.593,11.9,51.7
Botswana,652,2,4.9,469.5823898,91,1,32.2,4,96,5.56,96,28.4,182933,0.58,11.8,48.1
Botswana,693,2,5.51,299.3671252,9,59,31.6,4,96,4.65,96,31.9,184339,0.567,11.8,46.4
Botswana,699,2,6.41,6.3300072,88,7,31.1,4,97,6.47,97,34.6,1779953,0.558,11.9,46
Botswana,679,2,5.48,306.9527349,87,1,3.5,4,97,5.73,97,37.2,1754935,0.56,11.8,46.7
Botswana,647,2,5.37,250.8916484,86,2672,29.9,4,97,4.64,97,38.8,172834,0.559,11.7,47.8
Brazil,142,42,,0,96,214,56.1,47,98,,96,0.1,2596218,0.754,15.2,75
Brazil,144,44,7.32,83.16465362,96,876,55.3,49,96,8.32,93,0.1,24213133,0.747,15.2,74.8
Brazil,146,46,7.24,916.270845,96,220,54.5,52,96,8.48,97,0.1,2248632,0.734,14.2,74.7
Brazil,148,49,7.55,843.1946259,96,2,53.6,54,96,8.26,95,0.1,256983,0.73,14.2,74.5
Brazil,152,51,7.58,1084.999766,98,43,52.8,57,98,8.9,99,0.1,198686688,0.724,14,74.1
Brazil,154,54,7.52,1111.191325,96,68,52,61,99,8.27,99,0.1,196796269,0.716,13.8,73.8
Brazil,157,57,7.33,564.5233902,99,0,51.1,64,99,8.65,99,0.1,194895996,0.714,13.8,73.6
Brazil,158,61,7.21,526.3780636,96,0,5.3,68,99,8.24,99,0.1,19297929,0.704,13.3,73.4
Brazil,159,65,7.19,394.9321299,99,0,49.4,73,99,8.28,99,0.1,19126637,0.7,13.5,73.3
Brazil,161,70,7.1,30.30374691,99,57,48.6,79,99,8.36,99,0.1,18912412,0.698,13.8,73
Brazil,163,75,6.97,23.76370075,98,6,47.8,85,99,8.27,99,0.1,186917361,0.694,13.8,72.7
Brazil,17,81,6.85,186.6090485,96,0,46.9,93,99,7.7,99,0.1,184738458,0.695,14,72
Brazil,172,88,6.95,15.85781237,97,2,46.1,100,99,6.94,99,0.1,182482149,0.699,14.8,71.8
Brazil,176,95,7,140.9824766,92,1,45.3,109,99,7.13,99,0.1,1815121,0.692,14.6,71.4
Brazil,179,103,7.13,149.4802091,91,1,44.5,118,99,7.19,98,0.1,1777567,0.685,14.3,71
Brazil,183,111,7.26,179.4777293,94,36,43.7,127,99,7.3,98,0.1,175287587,0.677,14.1,75
Brunei Darussalam,78,0,,0,99,4,41.2,0,99,,99,0.1,,0.864,14.9,77.7
Brunei Darussalam,8,0,0.01,269.1432784,99,1,4.2,0,99,2.65,99,0.1,,0.863,15,77.6
Brunei Darussalam,84,0,0.01,2845.306444,98,0,39.2,0,99,2.61,99,0.1,,0.86,14.9,77.1
Brunei Darussalam,79,0,0.01,3192.634413,99,1,38.2,0,99,2.3,99,0.1,,0.852,14.4,78.3
Brunei Darussalam,79,0,0.97,295.7730171,93,4,37.2,0,99,2.25,97,0.1,,0.846,14.1,77.4
Brunei Darussalam,79,0,0.88,2218.364226,96,0,36.2,0,99,2.73,95,0.1,,0.845,14.2,76.9
Brunei Darussalam,88,0,0.25,1873.686852,96,2,35.2,0,99,2.85,99,0.1,,0.841,14.1,76.8
Brunei Darussalam,84,0,0.67,2538.941033,96,3,34.2,0,97,2.23,98,0.1,,0.84,14.2,77.2
Brunei Darussalam,1,0,0.85,2048.557422,97,0,33.2,0,95,2.32,99,0.1,,0.84,14.3,76
Brunei Darussalam,93,0,0.67,24.97532919,99,0,32.2,0,94,2.24,97,0.1,,0.837,14.3,76.3
Brunei Darussalam,92,0,0.16,179.7147814,99,9,31.2,0,93,2.62,94,0.1,,0.834,14.1,76.2
Brunei Darussalam,89,0,0.11,1504.30004,99,16,3.1,0,92,3.1,92,0.1,,0.828,13.7,76.4
Brunei Darussalam,89,0,0.12,1406.51194,99,24,29.1,0,99,3.9,92,0.1,,0.823,13.4,76
Brunei Darussalam,95,0,0.13,941.7036868,99,0,28,0,99,3.4,94,0.1,,0.82,13.3,74.8
Brunei Darussalam,19,0,0.47,1078.66244,99,11,27,0,99,3.6,97,0.1,,0.819,13.4,74.7
Brunei Darussalam,16,0,0.37,11.79686108,99,42,26.1,0,99,3.5,99,0.1,,0.818,13.4,74.4
Bulgaria,137,0,,0,92,0,65.7,1,91,,91,0.1,7177991,0.792,15,74.5
Bulgaria,138,1,12.03,153.1400362,95,0,65.1,1,88,8.44,88,0.1,7223938,0.787,14.8,74.3
Bulgaria,14,1,12.06,149.659879,95,14,64.5,1,95,7.93,95,0.1,7265115,0.781,14.4,74.1
Bulgaria,139,1,10.99,851.450672,95,1,63.9,1,95,7.11,95,0.1,735888,0.778,14.3,73.9
Bulgaria,144,1,10.67,875.1495189,96,157,63.3,1,95,6.88,95,0.1,7348328,0.775,14.2,73.7
Bulgaria,147,1,10.8,766.4454884,95,22004,62.7,1,94,7.24,94,0.1,7395599,0.77,13.9,73.4
Bulgaria,152,1,10.93,661.5144334,96,2249,62.1,1,94,6.78,94,0.1,7444443,0.768,13.8,73.2
Bulgaria,155,1,10.98,107.9826127,96,1,61.5,1,96,6.61,95,0.1,7492561,0.761,13.8,72.9
Bulgaria,157,1,10.89,591.5100978,95,1,6.9,1,95,6.41,95,0.1,7545338,0.755,13.5,72.6
Bulgaria,161,1,10.39,508.6304588,96,1,6.3,1,96,6.67,95,0.1,76122,0.75,13.5,72.2
Bulgaria,16,1,10.48,456.3404657,96,3,59.7,1,97,7.8,96,0.1,7658972,0.745,13.5,72.1
Bulgaria,157,1,10.96,384.1473028,94,0,59.1,1,94,7.9,95,0.1,771686,0.738,13.3,72.2
Bulgaria,155,1,11.19,32.38616103,96,0,58.6,1,96,7.43,96,0.1,7775327,0.729,12.9,72
Bulgaria,157,1,10.2,33.26778134,88,0,58.1,1,94,7.41,93,0.1,7837161,0.723,12.9,71.8
Bulgaria,16,1,10.72,25.06262895,93,8,57.5,1,94,7.23,94,0.1,89142,0.713,12.9,71.6
Bulgaria,163,1,9.69,15.2357274,94,46,57,1,94,6.7,93,0.1,817172,0.709,12.9,71.1
Burkina Faso,26,38,,0,91,99,19.4,61,91,,91,0.6,1811624,0.399,7.7,59.9
Burkina Faso,268,39,0.01,8.386339501,91,343,18.8,63,91,4.96,91,0.6,17585977,0.398,7.7,59.3
Burkina Faso,27,40,4.64,88.97040214,88,375,18.2,66,89,5.91,88,0.7,1772723,0.392,7.5,59
Burkina Faso,271,41,4.75,78.76987363,9,7362,17.7,68,9,5.33,9,0.8,16571216,0.384,7.2,58.6
Burkina Faso,275,42,4.51,85.55592906,91,860,17.1,71,9,5.17,91,0.9,168194,0.377,6.7,58.1
Burkina Faso,279,43,4.55,90.46018236,91,2511,16.6,74,9,7.17,91,1,1565217,0.365,6.3,57.5
Burkina Faso,283,44,4.55,81.14304705,92,54118,16.1,77,91,7.41,92,1.1,1514199,0.356,5.9,56.9
Burkina Faso,288,45,4.5,107.7988339,93,395,15.6,80,92,6.77,93,1.5,14689726,0.345,5.4,56.1
Burkina Faso,293,46,4.58,73.92730583,89,12,15.1,83,93,6.63,89,1.7,1425221,0.334,4.9,55.3
Burkina Faso,32,47,4.73,64.24025208,76,125,14.6,86,94,6.58,86,2,13829177,0.325,4.7,54.3
Burkina Faso,313,48,4.88,8.769989329,,253,14.2,89,94,6.87,82,2.3,1342193,0,4.3,53.3
Burkina Faso,323,49,4.54,56.96108089,,77,13.7,91,83,6.45,79,2.5,133569,0,3.9,52.4
Burkina Faso,332,49,4.58,41.60951275,,2946,13.3,92,83,5.61,79,2.9,12654621,0,3.8,51.6
Burkina Faso,338,49,4.53,3.195566831,,1744,12.9,93,69,5.26,69,3.2,122931,0,3.6,51
Burkina Faso,344,48,4.56,23.1016899,,4174,12.5,93,62,4.85,62,3.6,11944587,0,3.5,56
Burkina Faso,348,48,3.71,19.83929597,,6074,12.2,92,45,5.6,45,4,1167942,0,3.4,51
Burundi,288,21,,0,94,9,18.7,31,94,,94,0.7,119927,0.406,10.6,59.6
Burundi,297,22,0.01,41.25159038,95,0,18.2,32,95,7.54,95,0.7,989179,0.404,10.6,59.1
Burundi,33,22,0.01,40.15128458,96,0,17.6,32,96,8.3,96,1,96186,0.398,10.5,58.6
Burundi,312,22,0.01,38.73170505,96,49,17.1,33,96,8.21,96,1.2,931971,0.393,10.3,58
Burundi,321,22,4.16,3.595980333,96,129,16.6,33,95,8.58,96,1.5,94358,0.385,9.9,57.4
Burundi,33,23,4.16,31.14187566,96,495,16.1,34,94,8.82,96,1.9,876693,0.361,9.3,56.8
Burundi,338,23,4.05,2.030494673,94,305,15.7,34,96,6.96,94,2.4,848931,0.336,8.6,56.2
Burundi,35,23,4.33,15.99415192,92,173,15.2,35,89,7.86,92,2.9,8212264,0.319,7.9,55.3
Burundi,355,24,4.54,1.72659515,99,43,14.8,36,93,1.3,99,3.4,7939573,0.309,7.2,54.8
Burundi,361,24,4.5,21.24915339,92,784,14.5,36,88,11.49,92,3.8,7675338,0.29,5.9,54.1
Burundi,369,24,5.54,1.747440948,87,0,14.1,37,82,9.84,87,4.3,7423289,0.286,5.6,53.4
Burundi,378,24,5.72,11.22655347,83,2,13.8,38,76,7.1,83,4.8,7182451,0.279,5.2,52.6
Burundi,387,24,5.84,6.545263634,,224,13.5,38,75,5.25,82,5.1,6953113,0.276,4.7,51.9
Burundi,387,24,5.98,9.660010196,,1016,13.3,39,74,5.15,81,5.2,6741569,0.268,4.4,51.5
Burundi,385,25,6.09,10.61917585,,0,13,40,72,4.96,81,5.3,6555829,0.268,4.5,51.3
Burundi,386,25,6.61,9.696689164,,18363,12.8,41,71,4.98,8,5.2,6476,0.268,4.5,58
Côte d'Ivoire,397,57,,0,83,65,28,79,81,,83,1.9,,,,53.3
Côte d'Ivoire,47,58,0.01,0,76,50,27.4,80,76,5.72,76,2,,,,52.8
Côte d'Ivoire,412,59,3.15,0,8,48,26.8,81,79,5.81,8,2.4,,,,52.3
Côte d'Ivoire,415,59,3.24,0,82,137,26.2,82,83,6.14,82,2.9,,,,52
Côte d'Ivoire,419,60,3.13,0,62,628,25.6,83,58,6.42,62,3.3,,,,51.7
Côte d'Ivoire,417,60,3.15,0,85,441,25,84,81,6.32,85,3.3,,,,51.5
Côte d'Ivoire,426,60,2.92,0,81,183,24.4,84,77,6.41,81,3.7,,,,51
Côte d'Ivoire,437,60,2.69,0,74,12,23.8,85,58,6.21,74,4.1,,,,54
Côte d'Ivoire,443,61,2.58,0,76,5,23.2,87,75,6.35,76,5.3,,,,49.9
Côte d'Ivoire,452,62,2.65,0,77,11,22.6,89,76,5.87,77,5.8,,,,49.4
Côte d'Ivoire,466,63,3.11,0,76,115,22.1,90,87,5.39,76,6.1,,,,48.7
Côte d'Ivoire,472,64,3.08,0,67,3466,21.5,91,76,5.24,67,6.5,,,,48.2
Côte d'Ivoire,473,64,3.12,0,63,4770,2.9,92,68,4.65,61,6.7,,,,48
Côte d'Ivoire,473,65,3.13,0,48,5882,2.4,93,7,4.47,64,6.9,,,,47.7
Côte d'Ivoire,467,65,3.15,0,1,5790,19.9,94,7,4.85,66,7,,,,47.8
Côte d'Ivoire,461,67,3.45,0,,5729,19.4,95,66,6,65,7.1,,,,47.9
Cabo Verde,114,0,,0,96,0,31.3,0,93,,93,0.2,532913,0.646,13.5,73.3
Cabo Verde,117,0,0.01,414.0242418,97,0,3.5,0,95,4.76,95,0.2,526437,0.643,13.5,73
Cabo Verde,12,0,0.01,325.6298627,94,0,29.7,0,93,4.29,93,0.2,5216,0.643,13.6,72.8
Cabo Verde,121,0,0.01,33.55888998,94,0,29,0,94,4.61,94,0.3,513979,0.636,13.2,72.7
Cabo Verde,122,0,5.07,4.409153436,9,0,28.2,0,9,4.6,9,0.3,5867,0.632,13.1,72.6
Cabo Verde,123,0,4.75,286.8907303,98,0,27.5,0,99,4.83,99,0.4,52384,0.627,12.7,72.5
Cabo Verde,124,0,4.45,339.9777364,98,0,26.8,0,99,4.24,99,0.4,496963,0.621,12.4,72.4
Cabo Verde,124,0,4.16,360.6208825,98,0,26.2,0,99,3.96,99,0.4,491723,0.615,12.2,72.4
Cabo Verde,126,0,5.28,345.463714,96,0,25.5,0,98,4.3,98,0.6,486438,0.602,11.9,72.3
Cabo Verde,129,0,4.25,26.45133197,95,0,24.9,0,97,5.11,96,0.6,48795,0.596,11.9,72.1
Cabo Verde,134,0,4.26,3.349816965,93,0,24.3,0,95,4.86,95,0.8,474567,0.582,11.2,71.8
Cabo Verde,14,0,4.19,240.139715,91,0,23.7,0,94,5.6,93,0.8,467664,0.574,11.1,71.4
Cabo Verde,144,0,4.16,209.0865,66,0,23.2,0,93,5,92,0.9,46147,0.572,11.3,71.1
Cabo Verde,148,0,3.82,155.2072669,4,0,22.6,0,92,5.17,91,0.8,45216,0.569,11.3,77
Cabo Verde,152,0,3.81,150.7434862,,0,22.1,0,91,5.19,9,0.8,443716,0.562,11,73
Cabo Verde,155,0,3.49,122.5744699,,2,21.5,0,9,4.81,9,0.8,43579,0,11.3,69.9
Cambodia,174,10,,0,89,0,19.6,12,87,,89,0.2,15517635,0.558,10.9,68.7
Cambodia,179,11,0.01,12.17952064,88,0,18.9,12,87,5.68,88,0.2,152779,0.553,10.9,68.3
Cambodia,183,11,0.01,8.758214538,83,0,18.2,13,66,5.93,83,0.2,1522692,0.546,10.8,67.8
Cambodia,186,12,0.01,6.914723983,86,15,17.6,14,84,6.24,86,0.3,14776866,0.54,10.7,67.4
Cambodia,19,13,2.12,60.18591771,88,722,17,15,87,5.64,88,0.3,14537886,0.533,10.7,67
Cambodia,192,14,2.2,56.88416481,89,1156,16.4,16,88,5.95,89,0.5,143874,0.519,10.6,66.6
Cambodia,195,15,2.13,48.35423978,92,4779,15.9,17,95,6.36,94,0.6,14928,0.52,10.5,66.1
Cambodia,199,16,2.24,53.10009046,91,4211,15.3,18,91,5.55,91,0.7,138859,0.511,10.5,65.6
Cambodia,24,16,2.08,57.73516711,82,394,14.8,20,82,3.75,82,0.9,13676693,0.495,10.3,65
Cambodia,216,17,2.03,51.50447119,8,188,14.3,21,8,4.48,8,1.1,13474489,0.483,10.1,64.1
Cambodia,234,18,1.99,62.21817261,,264,13.9,22,82,5.84,82,1.4,132721,0.47,10,62.9
Cambodia,253,19,1.38,8.38611924,,352,13.5,24,86,6.43,85,1.7,1363377,0.458,9.7,61.5
Cambodia,268,21,1.44,55.59543946,,653,13.1,26,69,6.74,69,1.9,12853124,0.445,9.3,63
Cambodia,273,23,1.43,30.91060554,,1361,12.8,29,54,5.95,54,2.1,12634729,0.427,8.2,59.3
Cambodia,273,25,1.71,27.68971051,,3761,12.4,33,59,5.7,6,2.2,1242473,0.412,7.6,58.5
Cambodia,274,27,1.51,0.328418056,,12237,12.1,36,62,5.87,59,2.1,12152354,0.401,7.2,57.7
Cameroon,357,45,,0,84,1809,29,68,83,,84,3.5,22834522,0.514,10.4,57.3
Cameroon,366,47,0.01,61.39263642,87,831,28.4,71,86,4.1,87,3.7,2223994,0.507,10.4,56.7
Cameroon,364,48,0.01,63.07890158,89,760,27.8,73,88,4.29,89,4,21655715,0.501,10.4,56.4
Cameroon,369,50,0.01,68.55839112,85,609,27.2,76,85,4.34,85,4.6,2182383,0.496,10.4,55.9
Cameroon,371,51,6.19,83.18071241,82,504,26.6,79,8,3.96,82,4.9,252447,0.486,10,55.6
Cameroon,37,53,6.15,100.8987451,84,240,26,82,83,5.28,84,5.5,1997495,0.48,9.7,55.3
Cameroon,373,54,5.89,9.042540892,8,251,25.4,85,79,5.7,8,6.3,19432541,0.473,9.2,54.8
Cameroon,382,56,5.9,68.7073044,84,495,24.9,87,82,5.18,84,6.7,18978,0.466,8.8,54.2
Cameroon,395,57,5.44,7.562892922,82,100,24.4,89,81,4.76,82,7,18395389,0.456,8,53.6
Cameroon,394,58,5.22,0.962497052,81,196,23.8,91,78,4.69,81,7.2,17899562,0.456,8.2,53.3
Cameroon,4,58,5.03,73.03276195,79,605,23.3,93,79,4.75,8,7.4,1742795,0.456,8.3,52.8
Cameroon,412,59,4.71,7.177302132,,358,22.8,94,72,4.73,73,7.5,1695981,0.455,8.2,52.1
Cameroon,412,60,4.64,67.63925302,,899,22.3,95,72,4.97,73,7.7,16513822,0.452,8.1,51.8
Cameroon,47,60,4.58,53.70597428,,1448,21.8,97,66,4.86,66,7.8,1684886,0.452,8.4,51.6
Cameroon,41,61,4.43,41.73629221,,23934,21.3,99,61,4.7,63,7.9,15671927,0.437,7.1,51.5
Cameroon,394,62,3.91,4.720593531,,14629,2.9,100,57,4.48,62,7.7,15274234,0.433,6.9,51.4
Canada,64,2,,0,55,195,67,2,91,,91,0.1,3584861,0.919,16.3,82.2
Canada,65,2,8.1,102.1902168,55,418,66.4,2,91,1.45,91,0.1,35544564,0.912,15.9,82
Canada,67,2,8.2,9733.228019,55,83,65.8,2,91,1.67,91,0.1,35155451,0.909,15.9,81.8
Canada,68,2,8.3,9748.636237,7,10,65.3,2,99,1.78,95,0.1,3475545,0.907,15.9,81.6
Canada,68,2,8.2,971.9280384,7,803,64.7,2,87,1.82,87,0.1,3434278,0.903,15.9,81.5
Canada,7,2,8.4,8649.674911,56,99,64.1,2,88,11.2,89,0.1,345274,0.898,15.9,81.2
Canada,72,2,8.4,864.94993,42,14,63.6,2,89,11.17,91,0.1,33628571,0.898,15.9,81
Canada,74,2,8.3,8433.936814,28,62,63,2,89,1.3,92,0.1,33245773,0.897,15.8,87
Canada,74,2,8.3,7946.743581,14,101,62.5,2,9,9.83,94,0.1,32887928,0.894,15.8,85
Canada,75,2,8.2,771.1817686,14,13,61.9,2,95,9.75,95,0.1,325755,0.891,15.8,85
Canada,76,2,8,6333.177967,14,6,61.3,2,93,9.57,93,0.1,32312,0.886,15.8,81
Canada,77,2,7.8,5513.329924,14,7,6.6,2,91,9.56,91,0.1,31995,0.881,15.8,80
Canada,78,2,7.7,4687.845565,14,15,6,2,88,9.54,91,0.1,31676,0.877,15.8,79.7
Canada,79,2,7.7,3895.856308,,6,59.3,2,88,9.37,88,0.1,31362,0.872,15.8,79.5
Canada,8,2,7.6,3665.089703,,34,58.5,2,88,9.1,89,0.1,31819,0.867,15.8,79.4
Canada,82,2,7.6,3787.49456,,206,57.8,2,88,8.67,89,0.1,37697,0.864,15.9,79.1
Central African Republic,397,15,,0,47,150,22.7,21,47,,47,4.4,45461,0.347,7.1,52.5
Central African Republic,437,15,0.01,53.43964323,47,210,22.1,22,47,4.2,47,4.5,4515392,0.345,7.1,58
Central African Republic,451,16,0.01,52.37766601,23,596,21.6,23,23,3.82,23,5.1,4499653,0.37,7.1,49.9
Central African Republic,439,16,0.01,7.344808214,47,141,21.2,23,47,3.62,47,5.1,449416,0.366,7.1,53
Central African Republic,443,16,1.66,58.52947463,47,679,2.7,24,47,3.73,47,5.8,4476153,0.361,6.8,49.8
Central African Republic,446,17,1.67,43.48359197,45,2,2.2,24,46,3.9,45,6.6,4448525,0.352,6.6,49.2
Central African Republic,453,17,1.56,40.45156933,42,11,19.8,25,45,3.58,42,7.3,44423,0.345,6.4,48.6
Central African Republic,477,17,1.52,67.34137528,,12,19.4,25,46,4.3,45,8.3,4345386,0.338,6.3,47.6
Central African Republic,495,17,1.5,60.04884821,,49,19,26,46,4.4,48,9,42758,0.33,6.2,46.8
Central African Republic,56,17,1.54,46.90117916,,3,18.6,26,47,3.99,51,10,421758,0.323,6,46.3
Central African Republic,511,17,1.5,40.92207976,,471,18.2,26,47,4.29,54,11.2,412791,0.319,5.9,45.9
Central African Republic,512,17,1.5,41.50111735,,1233,17.9,26,45,4.1,51,12,45536,0.315,5.7,45.7
Central African Republic,51,17,1.49,46.11619441,,652,17.5,26,44,4.31,47,12.8,3981665,0.316,5.6,45.7
Central African Republic,58,17,1.47,31.5941587,,938,17.2,25,42,4.16,44,13.4,397612,0.315,5.4,45.6
Central African Republic,54,17,1.52,33.65315697,,2837,16.8,25,4,3.95,4,13.9,383223,0.314,5.3,45.6
Central African Republic,49,16,1.51,30.78382657,,3207,16.5,25,38,4.24,37,14.3,3754986,0.312,5.2,46
Chad,356,46,,0,46,418,19.1,77,52,,46,2.8,149413,0.394,7.3,53.1
Chad,362,46,0.01,11.3020668,37,1275,18.7,78,44,3.62,37,2.9,13569438,0.39,7.3,52.6
Chad,366,46,0.64,76.52382535,39,226,18.2,78,46,3.42,39,3.1,13133589,0.387,7.3,52.2
Chad,367,46,0.62,57.8242709,4,120,17.9,79,51,3,4,3.6,1275135,0.381,7.3,51.8
Chad,365,46,0.56,67.76269089,33,8650,17.5,79,4,3.17,33,3.9,12288651,0.37,6.7,51.6
Chad,364,46,0.5,43.57328908,39,194,17.1,80,43,2.95,39,4.1,1188722,0.36,6.7,51.2
Chad,37,46,0.47,4.982900401,24,165,16.7,80,32,3.31,24,4.4,1152786,0.343,6.3,57
Chad,394,46,0.45,49.09198224,17,63,16.4,80,3,2.92,19,4.7,11133861,0.338,6,49.6
Chad,394,46,0.42,5.962923532,,441,16.1,80,38,3.35,28,4.9,177578,0.306,5.7,49.4
Chad,414,45,0.41,62.67225971,,1594,15.7,80,49,3.32,4,5.1,1421597,0.303,5.5,48.5
Chad,46,45,0.42,8.936064632,,2,15.4,79,37,3.91,25,5.2,1679,0.306,5.6,48.6
Chad,45,44,0.34,72.38451279,,10324,15.1,78,31,5.72,21,5.2,97143,0.301,5.6,48.5
Chad,43,44,0.42,3.979243535,,15801,14.8,77,36,5.49,23,5.1,935321,0.284,5.4,48.4
Chad,43,43,0.36,3.039691193,,7277,14.4,76,31,8.33,25,5,91689,0.303,5.1,48.1
Chad,4,42,0.3,26.87439074,,24908,14.1,75,26,6.9,26,4.8,866312,0.3,4.9,48
Chad,44,41,0.25,21.52701616,,3546,13.9,74,3,6.28,36,4.6,8342559,0,4.7,47.6
Chile,82,2,,0,97,9,63.8,2,96,,96,0.1,17762681,0.845,16.3,85
Chile,83,2,7.16,2352.999591,95,0,63.1,2,95,7.79,95,0.1,17613798,0.841,16.2,83
Chile,84,2,7.2,2442.222054,9,0,62.5,2,9,7.53,91,0.1,17462982,0.831,15.6,81
Chile,84,2,6.76,2260.777642,9,0,61.8,2,9,7.24,9,0.1,1739746,0.826,15.5,79.9
Chile,86,2,7.26,211.614293,94,6,61.2,2,93,7,94,0.1,17153357,0.82,15.4,79.8
Chile,89,2,7.93,177.4925143,92,0,6.6,2,92,6.97,92,0.1,16993354,0.815,15.2,79.1
Chile,91,2,7.67,181.525923,94,1,59.9,2,94,7.39,94,0.1,16829442,0.816,15.3,79.3
Chile,88,2,7.31,241.5533381,95,0,59.3,2,95,6.87,95,0.1,16661942,0.804,15.2,79.6
Chile,9,2,7.39,209.4875875,92,0,58.7,2,95,6.35,96,0.1,16491687,0.797,14.8,78.9
Chile,91,2,7.33,1275.689625,95,0,58.1,2,94,6.18,94,0.1,16319792,0.796,14.9,78.9
Chile,93,2,7.57,954.9644887,,0,57.4,2,92,6.69,91,0.1,1614764,0.79,14.6,78.4
Chile,97,2,6.32,78.78564878,,0,56.8,2,94,6.93,93,0.1,15973778,0.781,14.3,78
Chile,1,2,6.37,584.0993429,,1,56.1,2,96,7.34,96,0.1,15799542,0.775,14,77.9
Chile,11,2,6.06,675.7808443,,0,55.4,3,97,6.48,97,0.1,15623635,0.768,13.9,77.8
Chile,16,2,6.1,687.5116825,,0,54.7,3,96,6.51,97,0.1,15444969,0.761,13.7,77.3
Chile,13,2,6.24,74.14842946,,0,54,3,91,6.4,91,0.1,15262754,0.755,13.5,77.3
China,85,157,,0,99,42361,32.9,183,99,,99,0.1,137122,0.734,13.5,76.1
China,86,171,5.78,109.8743903,99,52628,31.9,198,99,5.55,99,0.1,136427,0.723,13.1,75.8
China,88,185,5.79,9.955532032,99,26883,3.9,216,99,5.39,99,0.1,135738,0.713,12.7,75.6
China,89,201,5.74,94.4344566,99,6183,3,233,99,5.26,99,0.1,135695,0.703,12.4,75.4
China,91,215,5.63,91.26749779,99,9943,29,251,99,5.3,99,0.1,134413,0.7,12.8,75.2
China,92,231,5.75,5.660754839,99,38159,28.1,268,99,4.89,99,0.1,133775,0.691,12.5,75
China,93,248,4.88,50.28348923,99,52461,27.3,288,99,5.8,99,0.1,133126,0.682,12.2,74.9
China,97,266,4.27,39.22509728,95,131441,26.5,308,99,4.59,97,0.1,1324655,0.672,11.9,74.5
China,96,285,3.88,312.6624819,92,109023,25.7,332,94,4.32,93,0.1,1317885,0.659,11.4,74.4
China,98,307,3.28,29.74342979,91,99602,24.9,360,94,4.52,93,0.1,13112,0.646,11,74.2
China,99,332,2.92,171.6596026,84,124219,24.1,392,87,4.66,87,0.1,13372,0.634,10.6,73.9
China,11,360,3.04,1.58668462,79,70549,23.4,427,87,4.72,87,0.1,129675,0.622,10.2,73.5
China,13,391,2.96,122.9365349,75,71879,22.6,467,87,4.82,86,0.1,12884,0.61,9.9,73.1
China,16,422,2.91,106.3590358,7,58341,21.9,511,86,4.79,86,0.1,1284,0.6,9.7,72.7
China,11,457,2.84,14.23064496,65,88962,21.2,558,86,4.56,86,0.1,127185,0.592,9.6,72.2
China,115,490,3.06,17.46057369,6,71093,2.5,608,86,4.6,85,0.1,1262645,0.583,9.5,71.7
Colombia,143,10,,0,91,1,57.9,12,91,,91,0.1,48228697,0.724,13.6,74.8
Colombia,144,11,4.38,1435.487755,9,0,57.2,12,9,7.2,9,0.1,47791911,0.72,13.6,74.6
Colombia,145,11,4.41,15.16255482,91,1,56.4,13,91,6.84,91,0.1,47342981,0.712,13.3,74.4
Colombia,143,11,4.44,1487.896562,92,1,55.7,13,91,6.93,91,0.1,46881475,0.707,13.2,74.3
Colombia,144,12,4.37,184.3073618,85,6,55,14,85,6.64,85,0.1,4646646,0.7,13,74.2
Colombia,15,12,4.28,113.2436346,88,0,54.2,15,88,6.76,88,0.1,4591897,0.695,12.8,73.6
Colombia,15,13,4.34,941.6464045,92,0,53.5,15,92,7.1,92,0.1,45416181,0.691,12.4,73.6
Colombia,146,14,4.45,978.07041,92,0,52.8,16,92,6.62,92,0.1,4491544,0.683,12.2,73.5
Colombia,144,14,4.66,780.5946749,93,0,52,17,93,6.25,93,0.1,44374572,0.675,11.9,73.5
Colombia,147,15,4.53,62.43710774,93,0,51.3,17,94,6.11,93,0.1,43835722,0.669,11.5,73.1
Colombia,144,15,4.38,531.9808176,93,0,5.5,18,93,5.82,93,0.1,43285634,0.658,11.1,73.1
Colombia,148,16,4.26,42.17956418,89,0,49.8,19,89,5.37,89,0.1,42724163,0.658,11.3,72.8
Colombia,15,16,4.25,417.8038898,92,0,49,19,92,5.92,92,0.1,42152151,0.659,11.6,72.4
Colombia,163,17,4.45,393.8773633,78,139,48.2,20,83,5.67,81,0.1,41572491,0.656,11.5,71.8
Colombia,165,17,4.43,404.4205858,8,3,47.5,21,83,5.96,8,0.1,498899,0.653,11.4,71.5
Colombia,167,18,4.66,477.1341814,78,1,46.7,21,82,5.91,79,0.1,443958,0.65,11.3,71.4
Comoros,227,1,,0,91,0,24.2,2,92,,91,0.8,777424,0.498,11.1,63.5
Comoros,23,1,0.01,73.86584922,88,0,23.7,2,87,6.75,87,0.8,759385,0.497,11.1,63.2
Comoros,233,1,0.01,61.57443584,88,0,23.2,2,85,6.51,87,0.8,7415,0.49,10.9,62.9
Comoros,237,2,0.01,78.39008571,89,1,22.6,2,85,7.11,86,0.8,723868,0.484,10.8,62.5
Comoros,241,2,0.12,59.6596497,83,3,22.1,2,85,6.1,83,0.2,76569,0.479,10.6,62.2
Comoros,246,2,0.15,47.30421873,74,0,21.6,2,82,5.82,74,0.1,689692,0.476,10.5,61.8
Comoros,251,2,0.17,56.98952474,83,1,21.1,2,84,3.82,83,0.1,673252,0.465,10.3,61.3
Comoros,255,2,0.12,93.36788979,81,0,2.6,2,81,5.13,81,0.1,657229,0.461,10.2,61
Comoros,259,2,0.16,9.087638194,75,0,2.1,2,75,4.93,75,0.1,64162,0.459,10,66
Comoros,262,2,0.25,77.0283958,69,85,19.6,2,69,4.57,69,0.1,626425,0.451,9.9,63
Comoros,266,2,0.24,69.9675435,68,912,19.2,2,67,4.32,68,0.1,611627,0.434,9.7,60
Comoros,269,2,0.27,7.212110766,77,0,18.8,2,73,3.96,76,0.1,597228,0,9.5,59.8
Comoros,271,2,0.26,45.09010835,28,0,18.4,2,8,3.65,8,0.1,583211,0,9.2,59.6
Comoros,271,2,0.08,29.41897495,,0,18,2,98,3.39,89,0.1,569479,0,8.8,59.5
Comoros,272,1,0.08,19.71741043,,0,17.6,2,7,2.86,7,0.1,555888,0,8.5,59.5
Comoros,272,1,0.09,35.02948624,,0,17.3,2,7,3.56,7,0.1,542357,0,8.2,59.5
Congo,267,7,,0,8,1359,27.4,10,8,,8,2.8,,0.59,11.1,64.7
Congo,275,7,0.01,0,9,71,26.8,10,9,5.15,9,3,,0.581,11.1,64.2
Congo,274,7,0.01,0,85,124,26.2,10,85,5.9,85,3,,0.576,11.1,63.9
Congo,273,7,0.01,0,62,260,25.6,10,61,3.98,85,3.3,,0.557,10.2,63.7
Congo,285,7,3.82,0,7,315,25,10,69,2.79,82,3.5,,0.558,10.7,62.9
Congo,298,7,3.53,0,74,4,24.5,10,72,2.29,74,3.8,,0.548,10.5,62
Congo,314,7,3.47,0,75,1,23.9,11,76,2.27,78,4,,0.545,10.3,68
Congo,338,8,2.58,0,73,2,23.3,11,77,2.9,79,4.3,,0.527,10,59.4
Congo,354,8,2.75,0,64,84,22.8,11,71,2.54,72,5,,0.517,9.8,58.2
Congo,368,8,2.25,0,,126,22.3,12,73,2.37,73,5.5,,0.507,9.6,56.9
Congo,394,8,2.03,0,,146,21.7,13,62,2.42,62,5.9,,0.496,9.4,55.3
Congo,48,9,2.58,0,,3524,21.2,13,67,2.56,67,6.3,,0.497,9.2,54.1
Congo,417,9,2.45,0,,3712,2.7,14,5,2.61,5,6.8,,0.492,9.4,53.2
Congo,424,9,2.55,0,,2788,2.3,14,41,2.45,41,7.2,,0.488,9.5,52.6
Congo,419,9,2.3,0,,2152,19.8,14,32,2.44,31,7.6,,0.487,9.7,52.7
Congo,416,9,2.26,0,,1678,19.3,14,31,2.13,33,7.8,,0.487,9.8,52.9
Cook Islands,,0,0.01,0,98,0,82.8,0,98,3.58,98,0.1,,,,
Costa Rica,95,1,,0,92,0,6.5,1,92,,92,0.1,487852,0.775,14.2,79.6
Costa Rica,96,1,3.45,384.5129138,91,1,59.5,1,91,9.31,91,0.1,4757575,0.768,13.9,79.5
Costa Rica,96,1,3.42,386.1379123,94,0,58.5,1,95,9.47,95,0.1,47641,0.762,13.7,79.4
Costa Rica,97,1,3.34,2568.237059,91,0,57.5,1,9,9.56,91,0.1,4654122,0.758,13.6,79.2
Costa Rica,98,1,3.41,2429.854745,84,0,56.5,1,82,9.73,85,0.1,46474,0.752,13.4,79
Costa Rica,16,1,3.58,2377.010299,89,0,55.5,1,93,9.66,88,0.1,454528,0.749,13.3,78.1
Costa Rica,96,1,4.07,24.88720369,87,0,54.4,1,8,9.69,86,0.1,4488263,0.747,13.1,79.2
Costa Rica,99,1,4.22,1859.095621,89,0,53.4,1,89,9.1,9,0.1,442958,0.74,12.9,78.9
Costa Rica,93,1,4.2,150.8891479,89,0,52.4,1,89,8.37,89,0.1,4369469,0.734,12.8,78.9
Costa Rica,16,1,4.15,1185.412346,88,0,51.4,1,89,7.82,89,0.1,438794,0.727,12.6,78
Costa Rica,97,1,4.1,1002.833273,9,1,5.3,1,91,7.74,91,0.1,4247841,0.723,12.4,78.6
Costa Rica,12,1,4.09,1043.10795,89,0,49.3,1,9,7.8,9,0.1,418738,0.719,12.2,77.7
Costa Rica,1,1,4.04,1070.268999,86,1,48.3,1,88,8.45,88,0.1,4125971,0.715,12.1,78
Costa Rica,99,1,4.17,112.9493745,94,0,47.3,1,94,8.23,94,0.1,46324,0.712,11.9,78.3
Costa Rica,1,1,4.29,868.3713593,8,0,46.4,1,92,7.25,91,0.1,3996798,0.708,11.7,77.5
Costa Rica,98,1,4.34,94.17819458,89,0,45.4,1,8,7.12,88,0.1,3925443,0.702,11.6,77.6
Croatia,95,0,,0,94,206,63.7,0,94,,94,0.1,42364,0.823,15.3,78
Croatia,97,0,12.14,1884.098811,95,0,63.1,0,95,7.8,95,0.1,4238389,0.82,15.1,77.8
Croatia,97,0,12.39,1899.107385,96,0,62.5,0,96,7.83,96,0.1,4255689,0.817,14.9,77.7
Croatia,14,0,11.49,1851.713262,98,2,61.9,0,96,7.8,96,0.1,4267558,0.815,14.6,77.1
Croatia,14,0,12.19,1913.356642,97,12,61.3,0,96,7.8,96,0.1,428622,0.808,14.5,77
Croatia,16,0,12.1,206.8868182,97,7,6.6,0,97,8.25,97,0.1,4417781,0.803,14.2,76.6
Croatia,19,0,12.21,2160.380199,97,2,6,0,96,8.18,96,0.1,442978,0.803,14.2,76.3
Croatia,116,0,12.06,2425.403891,97,51,59.4,0,96,7.7,96,0.1,443458,0.8,14.3,76
Croatia,114,0,12.56,2019.812779,95,0,58.7,0,96,7.44,96,0.1,4436,0.793,14.3,75.8
Croatia,113,0,11.83,1555.651986,,1,58.1,0,96,6.95,96,0.1,444,0.783,13.9,75.9
Croatia,116,0,11.59,167.2319899,,2,57.5,0,96,6.89,96,0.1,4442,0.777,13.6,75.2
Croatia,114,0,13.11,1116.396502,,54,56.9,0,96,6.56,96,0.1,4439,0.771,13.3,75.4
Croatia,122,0,13.78,93.67706503,,19,56.3,0,95,6.35,94,0.1,444,0.765,12.9,74.7
Croatia,124,0,13.39,11.63615139,,6,55.8,0,95,6.19,95,0.1,444,0.759,12.6,74.8
Croatia,126,0,13.15,650.9567981,,8,55.2,0,94,7.16,94,0.1,444,0.749,12.3,74.9
Croatia,127,0,12.73,649.3909871,,9,54.7,0,94,7.66,93,0.1,4426,0.739,12.2,74.7
Cuba,92,1,,0,99,0,61.4,1,99,,99,0.1,,0.773,13.9,79.1
Cuba,93,1,4.37,13.6691019,97,0,6.7,1,99,11.6,99,0.1,,0.772,14,79
Cuba,96,1,4.18,95.67571176,96,0,59.9,1,99,9.48,99,0.1,,0.773,14.7,78.7
Cuba,96,1,4.16,742.1961992,96,0,59.2,1,98,8.59,99,0.1,,0.778,15.7,78.7
Cuba,92,1,4.14,102.0645784,96,0,58.4,1,99,1.6,97,0.1,,0.78,16.5,78.8
Cuba,98,1,4.13,787.2808163,96,0,57.7,1,99,1.19,96,0.1,,0.784,17.6,78
Cuba,11,1,4.01,818.8771016,96,0,56.9,1,99,11.78,96,0.1,,0.782,17.7,78.1
Cuba,12,1,4.26,708.6157966,95,0,56.2,1,99,1.79,95,0.1,,0.771,17.1,77.9
Cuba,14,1,4.13,750.7147641,93,0,55.4,1,99,1.42,93,0.1,,0.754,16,78.1
Cuba,14,1,4.17,523.4724284,89,0,54.6,1,99,7.67,89,0.1,,0.732,14.7,78
Cuba,19,1,4.48,518.9359221,95,0,53.8,1,99,9.39,89,0.1,,0.719,14.2,77.2
Cuba,17,1,4.38,4.484254579,99,0,53,1,98,6.14,88,0.1,,0.705,13.2,77.3
Cuba,18,1,4.39,60.34145124,99,0,52.1,1,98,6.31,72,0.1,,0.694,12.9,77.4
Cuba,19,1,4.1,334.7672107,98,0,51.3,1,98,6.5,99,0.1,,0.692,12.5,77.7
Cuba,115,1,4.04,322.5863149,98,0,5.4,1,99,6.27,98,0.1,,0.686,12.3,76.7
Cuba,115,1,3.92,49.34007756,98,0,49.4,1,98,6.7,95,0.1,,0.679,12.1,76.9
Cyprus,52,0,,0,97,0,6.3,0,97,,97,0.1,116985,0.854,14.3,85
Cyprus,53,0,0.01,207.3041936,96,10,59.8,0,99,7.37,99,0.1,115239,0.85,14,83
Cyprus,54,0,9.04,212.0859259,96,0,59.2,0,99,7.46,99,0.1,1143896,0.85,13.8,81
Cyprus,56,0,10.55,2159.756205,96,1,58.7,0,99,7.44,99,0.1,113562,0.85,13.8,80
Cyprus,57,0,10.69,2443.325028,96,0,58.3,0,99,7.54,99,0.1,1124835,0.847,13.8,79.7
Cyprus,59,0,11.32,283.3300258,96,18,57.8,0,99,7.23,99,0.1,111267,0.853,14.6,79.5
Cyprus,6,0,10.8,230.2524184,96,0,57.3,0,99,7.4,99,0.1,19876,0.849,14.1,79.3
Cyprus,62,0,12.01,239.6409938,93,1,56.8,0,97,6.89,97,0.1,181563,0.844,13.7,79.1
Cyprus,63,0,11.56,1958.525877,93,0,56.3,0,97,6.5,97,0.1,163712,0.836,13.5,78.9
Cyprus,64,0,11.47,1700.841534,93,0,55.8,0,97,6.28,97,0.1,14559,0.829,13.4,78.8
Cyprus,65,0,11.41,1562.520827,88,1,55.3,0,98,6.37,98,0.1,127658,0.826,13.5,78.7
Cyprus,65,0,13.03,1586.724172,88,0,54.8,0,98,6.42,98,0.1,1141,0.823,13.4,78.6
Cyprus,66,0,10.62,158.7087399,88,0,54.3,0,98,6.83,98,0.1,993563,0.815,13,78.5
Cyprus,68,0,11.68,1128.050886,88,0,53.8,0,98,6.12,98,0.1,976966,0.805,12.5,78.4
Cyprus,69,0,10.16,100.8086193,89,0,53.3,0,97,5.78,97,0.1,96282,0.8,12.4,78.2
Cyprus,7,0,9.56,950.8027925,89,0,52.8,0,97,5.77,97,0.1,943286,0.798,12.5,78.1
Czechia,86,0,,0,97,9,66.1,0,97,,97,0.1,,,,78.8
Czechia,88,0,12.68,0,99,222,65.6,0,99,7.41,97,0.1,,,,78.6
Czechia,9,0,12.45,0,99,15,65.1,0,99,7.49,98,0.1,,,,78.2
Czechia,93,0,12.71,0,99,22,64.5,0,99,7.55,99,0.1,,,,78
Czechia,97,0,12.43,0,99,17,64,0,99,7.5,99,0.1,,,,77.8
Czechia,99,0,12.69,0,99,0,63.6,0,99,7.43,99,0.1,,,,77.5
Czechia,12,0,13.23,0,99,5,63.1,0,99,7.85,99,0.1,,,,77.1
Czechia,16,0,13.25,0,99,2,62.6,0,99,6.82,99,0.1,,,,77
Czechia,17,0,13.43,0,99,2,62.2,0,99,6.52,99,0.1,,,,76.8
Czechia,19,0,13.03,0,98,7,61.8,0,98,6.69,98,0.1,,,,76.5
Czechia,114,0,13.19,0,99,0,61.3,0,96,6.93,97,0.1,,,,75.9
